Time stamp, Channel-1,Channel-2,Channel-3,Channel-4,Channel-5,Channel-6,Channel-7,Channel-8,
17617.5781238, 0.9930016398429871, 0.09864103049039841, 0.19027701020240784, 0.9014333486557007, 0.8870388865470886, 0.8907569050788879, 0.43048807978630066, 0.7987741231918335
17617.5934987, 0.14739824831485748, 0.7990028262138367, 0.08973091840744019, 0.7207664847373962, 0.784081757068634, 0.6504605412483215, 0.313315749168396, 0.04217005521059036
17617.5935397, 0.13040843605995178, 0.5855633020401001, 0.39076435565948486, 0.7370033860206604, 0.7121869325637817, 0.877564013004303, 0.028409725055098534, 0.1587282121181488
17617.6088784, 0.5834323167800903, 0.8377802968025208, 0.7288039922714233, 0.5787482857704163, 0.6928490400314331, 0.43766582012176514, 0.5408759117126465, 0.016757749021053314
17617.6244702, 0.5270523428916931, 0.5791040658950806, 0.36203667521476746, 0.45801153779029846, 0.9921126961708069, 0.4811799228191376, 0.04588105529546738, 0.37941548228263855
17617.6244982, 0.016456104815006256, 0.5419389009475708, 0.11839702725410461, 0.4692896008491516, 0.12002865970134735, 0.019737975671887398, 0.3645743131637573, 0.4322223961353302
17617.6403644, 0.0302837323397398, 0.9817191362380981, 0.08129987120628357, 0.19929510354995728, 0.46912553906440735, 0.051002584397792816, 0.36179471015930176, 0.6150916218757629
17617.6403968, 0.6923463940620422, 0.16737881302833557, 0.6573176980018616, 0.880977988243103, 0.9473804235458374, 0.4137885570526123, 0.10686641931533813, 0.6109886169433594
17617.6562231, 0.5763208866119385, 0.7762477993965149, 0.7444424033164978, 0.47503867745399475, 0.07003296911716461, 0.3237139582633972, 0.1736089140176773, 0.23831941187381744
17617.6713857, 0.665805459022522, 0.5959165692329407, 0.7423951625823975, 0.5361351370811462, 0.8497636318206787, 0.29553383588790894, 0.8266233205795288, 0.11788914352655411
17617.6714095, 0.4237130880355835, 0.720462441444397, 0.8652957081794739, 0.07343542575836182, 0.1591155081987381, 0.2663138806819916, 0.16956529021263123, 0.6934099793434143
17617.6871277, 0.8428393602371216, 0.8344799876213074, 0.7967405319213867, 0.6882811188697815, 0.09337648004293442, 0.018269822001457214, 0.37459424138069153, 0.0977858304977417
17617.7027907, 0.12008614838123322, 0.4720589220523834, 0.6379525065422058, 0.8792149424552917, 0.9115715026855469, 0.5966401696205139, 0.6785975098609924, 0.7903779745101929
17617.7028275, 0.44227898120880127, 0.09291833639144897, 0.7570609450340271, 0.3968249261379242, 0.8741294741630554, 0.1069893091917038, 0.8974020481109619, 0.30200740694999695
17617.7186698, 0.8701555132865906, 0.8490938544273376, 0.23266831040382385, 0.7415436506271362, 0.4714738130569458, 0.20715965330600739, 0.17037101089954376, 0.8112053871154785
17617.734014, 0.5054690837860107, 0.49958598613739014, 0.20545460283756256, 0.32743173837661743, 0.8209171891212463, 0.8629169464111328, 0.3396080732345581, 0.39477062225341797
17617.7340355, 0.35820144414901733, 0.9476571679115295, 0.04562567546963692, 0.3194653391838074, 0.23868946731090546, 0.33002331852912903, 0.8691665530204773, 0.2620314955711365
17617.7496973, 0.3570956885814667, 0.02722509764134884, 0.16618123650550842, 0.2782075107097626, 0.5520258545875549, 0.620466947555542, 0.2905467450618744, 0.26509803533554077
17617.7497227, 0.9440822005271912, 0.2842593789100647, 0.8516739010810852, 0.6627501249313354, 0.33152732253074646, 0.7297113537788391, 0.5499458909034729, 0.9364932775497437
17617.7653126, 0.9503116011619568, 0.9014634490013123, 0.9156718850135803, 0.5105615854263306, 0.5462131500244141, 0.041965097188949585, 0.6382739543914795, 0.7654125094413757
17617.780942, 0.4079357087612152, 0.7031598687171936, 0.6204907298088074, 0.7066612243652344, 0.7125531435012817, 0.10761041939258575, 0.09327510744333267, 0.8721538782119751
17617.7809667, 0.8810721635818481, 0.669386088848114, 0.8044615983963013, 0.35908243060112, 0.07236602902412415, 0.4103908836841583, 0.09855778515338898, 0.7978338003158569
17617.7965493, 0.7190099358558655, 0.578253448009491, 0.10429929941892624, 0.08494289219379425, 0.9629145264625549, 0.6232665777206421, 0.13640351593494415, 0.2324633151292801
17617.8121905, 0.7117800116539001, 0.38363170623779297, 0.21596960723400116, 0.45008936524391174, 0.2467477172613144, 0.8623804450035095, 0.62856125831604, 0.29587751626968384
17617.8122174, 0.09950809925794601, 0.8892269730567932, 0.9136902689933777, 0.7775263786315918, 0.17504172027111053, 0.6759414672851562, 0.9061822295188904, 0.9708829522132874
17617.8277959, 0.37665697932243347, 0.43912070989608765, 0.1400948464870453, 0.6284114122390747, 0.623923122882843, 0.8044977188110352, 0.6032284498214722, 0.09414036571979523
17617.8434731, 0.4001162648200989, 0.5025593638420105, 0.9063283801078796, 0.3729337751865387, 0.9651330709457397, 0.545382022857666, 0.8996345400810242, 0.3303006887435913
17617.8435059, 0.4220810830593109, 0.5271772146224976, 0.15471482276916504, 0.6620791554450989, 0.4023585617542267, 0.4039073884487152, 0.8587870597839355, 0.08558889478445053
17617.8594756, 0.8428089022636414, 0.023521870374679565, 0.2658643424510956, 0.35164204239845276, 0.8142383098602295, 0.8753764629364014, 0.04922212287783623, 0.6767404079437256
17617.8595173, 0.5573886036872864, 0.7404369115829468, 0.4603317975997925, 0.032309576869010925, 0.8995893597602844, 0.9185716509819031, 0.38326966762542725, 0.8477301597595215
17617.875067, 0.28733643889427185, 0.5171816349029541, 0.18268375098705292, 0.5223302841186523, 0.45999887585639954, 0.776836097240448, 0.3210766017436981, 0.07640128582715988
17617.8910018, 0.788800060749054, 0.10360294580459595, 0.15228216350078583, 0.34796810150146484, 0.013978028669953346, 0.57603520154953, 0.5214751362800598, 0.5545854568481445
17617.8910286, 0.7510577440261841, 0.7114354968070984, 0.41959360241889954, 0.780404269695282, 0.7267457246780396, 0.32067275047302246, 0.8577579855918884, 0.04396736994385719
17617.906882, 0.8172041177749634, 0.005909961182624102, 0.7394663095474243, 0.9423781633377075, 0.36213862895965576, 0.5873984694480896, 0.5178119540214539, 0.29313430190086365
17617.9223215, 0.7420454621315002, 0.6873278617858887, 0.4072369933128357, 0.0027406003791838884, 0.3967302143573761, 0.57229083776474, 0.6716967821121216, 0.8849013447761536
17617.9223474, 0.3333737552165985, 0.4617873728275299, 0.76323002576828, 0.8804603815078735, 0.5484679937362671, 0.3140273094177246, 0.28426769375801086, 0.6719087362289429
17617.9381359, 0.3441259562969208, 0.2732650637626648, 0.6297270655632019, 0.38837307691574097, 0.44643938541412354, 0.3348897695541382, 0.0561380572617054, 0.2992827594280243
17617.9535599, 0.009584356099367142, 0.5821725130081177, 0.49240413308143616, 0.535395622253418, 0.057588834315538406, 0.009547253139317036, 0.7275159358978271, 0.5843164324760437
17617.9535808, 0.9200736284255981, 0.1888391077518463, 0.7724645137786865, 0.8301964998245239, 0.3959052860736847, 0.501703143119812, 0.9203590154647827, 0.48593950271606445
17617.9694766, 0.7888115048408508, 0.6269263625144958, 0.38861560821533203, 0.6947436928749084, 0.3833930790424347, 0.9516463875770569, 0.7271820902824402, 0.6385506987571716
17617.9695147, 0.15607835352420807, 0.7040935158729553, 0.43426311016082764, 0.679757833480835, 0.4488474428653717, 0.5645514130592346, 0.3336468040943146, 0.09827876836061478
17617.9848312, 0.87581467628479, 0.6305794715881348, 0.09751532226800919, 0.028093699365854263, 0.7074745297431946, 0.509014368057251, 0.5316911339759827, 0.5730224251747131
17618.0005642, 0.6191205978393555, 0.9634879231452942, 0.6992506384849548, 0.37571123242378235, 0.6866879463195801, 0.9277310371398926, 0.9702441692352295, 0.9082338809967041
17618.0005822, 0.1627754420042038, 0.9383348822593689, 0.9807823896408081, 0.041956935077905655, 0.22347675263881683, 0.12300919741392136, 0.45070791244506836, 0.6532840728759766
17618.0162411, 0.8131349682807922, 0.1416197121143341, 0.7648630142211914, 0.48848646879196167, 0.6335232853889465, 0.1467195302248001, 0.28216293454170227, 0.4468005895614624
17618.0319786, 0.33785280585289, 0.38718634843826294, 0.7564939856529236, 0.008739931508898735, 0.003691091202199459, 0.6546890735626221, 0.49258553981781006, 0.8379071354866028
17618.032013, 0.2561579942703247, 0.21158918738365173, 0.9811986684799194, 0.589853048324585, 0.6480693221092224, 0.27768683433532715, 0.9783651828765869, 0.8572668433189392
17618.0475138, 0.7730351686477661, 0.08488073945045471, 0.8669359683990479, 0.6702671647071838, 0.043479498475790024, 0.4624342620372772, 0.7000772953033447, 0.8310208320617676
17618.0630753, 0.5558448433876038, 0.5277026295661926, 0.7950330376625061, 0.6309425830841064, 0.4326838254928589, 0.951387882232666, 0.9752545356750488, 0.6266244649887085
17618.0630915, 0.15624576807022095, 0.8939350843429565, 0.9315997362136841, 0.03714568912982941, 0.47898128628730774, 0.8000086545944214, 0.8377261161804199, 0.08908118307590485
17618.0790445, 0.8623744249343872, 0.8657333850860596, 0.38222795724868774, 0.59697026014328, 0.9118784070014954, 0.6660099625587463, 0.47586774826049805, 0.5913407802581787
17618.094452, 0.16606639325618744, 0.6143243312835693, 0.17939259111881256, 0.7510048151016235, 0.08005328476428986, 0.6637387275695801, 0.10287799686193466, 0.15976139903068542
17618.0944816, 0.31447169184684753, 0.34176474809646606, 0.7003458142280579, 0.7917337417602539, 0.6421986818313599, 0.6206008195877075, 0.774276077747345, 0.32277193665504456
17618.1099872, 0.20414729416370392, 0.03314302861690521, 0.5539235472679138, 0.33291158080101013, 0.5420664548873901, 0.21915943920612335, 0.8601142168045044, 0.10497462749481201
17618.1100262, 0.4146071970462799, 0.16870735585689545, 0.7552878260612488, 0.818681538105011, 0.5267797112464905, 0.1168205514550209, 0.437290221452713, 0.4865459203720093
17618.1255843, 0.3991154432296753, 0.7021388411521912, 0.997439980506897, 0.5781248211860657, 0.2687622010707855, 0.0007379240123555064, 0.6809803247451782, 0.40620166063308716
17618.1413199, 0.724153995513916, 0.11649249494075775, 0.1660335212945938, 0.9545219540596008, 0.21014869213104248, 0.8504466414451599, 0.8449450731277466, 0.22971004247665405
17618.1413462, 0.45130616426467896, 0.8768512606620789, 0.7837813496589661, 0.43717581033706665, 0.40601280331611633, 0.885565996170044, 0.16862201690673828, 0.7686167359352112
17618.156942, 0.8729053735733032, 0.144234299659729, 0.299524188041687, 0.3776170015335083, 0.9946385622024536, 0.9174782633781433, 0.24099239706993103, 0.6371376514434814
17618.1725027, 0.8215285539627075, 0.20305998623371124, 0.06113642081618309, 0.38760021328926086, 0.14047589898109436, 0.44652992486953735, 0.3896719515323639, 0.8199192881584167
17618.1725287, 0.8034805655479431, 0.3771587908267975, 0.6856979131698608, 0.2854783236980438, 0.7721461057662964, 0.22576439380645752, 0.6962806582450867, 0.4336426258087158
17618.188122, 0.053009774535894394, 0.9140946865081787, 0.4220367968082428, 0.08064901828765869, 0.7802743911743164, 0.8600164651870728, 0.01405527163296938, 0.7677891254425049
17618.2036842, 0.33663225173950195, 0.5800336003303528, 0.4134123623371124, 0.06158798187971115, 0.058182042092084885, 0.7262253165245056, 0.3517848253250122, 0.5750060081481934
17618.2037048, 0.3331906795501709, 0.9632277488708496, 0.5929686427116394, 0.9863917231559753, 0.7748441100120544, 0.9239659309387207, 0.7654505968093872, 0.02014094963669777
17618.2194344, 0.7979364991188049, 0.5138899087905884, 0.9083934426307678, 0.14944113790988922, 0.6166003346443176, 0.5502010583877563, 0.765211284160614, 0.18626682460308075
17618.2194583, 0.9188425540924072, 0.7353976964950562, 0.13912010192871094, 0.48724621534347534, 0.8982852697372437, 0.8099532127380371, 0.44527220726013184, 0.3779922425746918
17618.2349693, 0.8034950494766235, 0.4370546042919159, 0.6570693850517273, 0.1429194211959839, 0.46054983139038086, 0.6262142658233643, 0.5181103348731995, 0.8527950644493103
17618.2505861, 0.8071123957633972, 0.5630896091461182, 0.941601574420929, 0.4132857024669647, 0.5515896081924438, 0.27475401759147644, 0.23830382525920868, 0.8259089589118958
17618.2506064, 0.6703702211380005, 0.5769115090370178, 0.31809988617897034, 0.15826618671417236, 0.49874889850616455, 0.5657504200935364, 0.8928492665290833, 0.7097051739692688
17618.2664051, 0.5945137739181519, 0.22243155539035797, 0.08103849738836288, 0.4282281994819641, 0.05810318887233734, 0.6695945858955383, 0.9456921815872192, 0.2217957228422165
17618.2818765, 0.9223173260688782, 0.9632935523986816, 0.36175498366355896, 0.6768708229064941, 0.9652509689331055, 0.39091184735298157, 0.43815502524375916, 0.990840494632721
17618.2818954, 0.16456565260887146, 0.3034456670284271, 0.3701079189777374, 0.3737491965293884, 0.5645899176597595, 0.26494550704956055, 0.35625770688056946, 0.6906726360321045
17618.2974889, 0.7239392995834351, 0.4551992118358612, 0.6059004068374634, 0.3166790306568146, 0.4122278094291687, 0.010418598540127277, 0.14733125269412994, 0.30646976828575134
17618.31314, 0.1815773993730545, 0.6746349334716797, 0.2934253513813019, 0.5295413136482239, 0.06099509447813034, 0.8141545057296753, 0.42727142572402954, 0.8191589117050171
17618.313167, 0.27490976452827454, 0.28946250677108765, 0.9914029240608215, 0.7590879797935486, 0.8101266026496887, 0.03379298001527786, 0.9333369731903076, 0.3624601364135742
17618.3287619, 0.2978665232658386, 0.42544546723365784, 0.8448677062988281, 0.421559602022171, 0.5156865119934082, 0.15787570178508759, 0.13850226998329163, 0.08829797059297562
17618.3447028, 0.07136411219835281, 0.5963768362998962, 0.12854589521884918, 0.18694354593753815, 0.5205323696136475, 0.41713064908981323, 0.7481638789176941, 0.5523398518562317
17618.3447461, 0.7959107756614685, 0.037856679409742355, 0.5046451091766357, 0.9704055190086365, 0.17115795612335205, 0.24498999118804932, 0.9164954423904419, 0.8101987838745117
17618.3599152, 0.554801344871521, 0.4542919397354126, 0.9186550974845886, 0.06893953680992126, 0.29078125953674316, 0.7090203762054443, 0.31713730096817017, 0.8279181718826294
17618.3599346, 0.21499419212341309, 0.2803966701030731, 0.8497249484062195, 0.6862693428993225, 0.8484745621681213, 0.8969661593437195, 0.13596414029598236, 0.40049466490745544
17618.3758202, 0.46941980719566345, 0.18508082628250122, 0.1693895012140274, 0.3466954231262207, 0.6916139721870422, 0.8364702463150024, 0.716493546962738, 0.29393625259399414
17618.3915325, 0.12962926924228668, 0.9994708299636841, 0.27643677592277527, 0.6173079013824463, 0.39871883392333984, 0.26023799180984497, 0.19909164309501648, 0.4550670385360718
17618.3915747, 0.9695700407028198, 0.6586288213729858, 0.9260010719299316, 0.8238915801048279, 0.5814692378044128, 0.15782582759857178, 0.5083975195884705, 0.09213479608297348
17618.4070899, 0.4234393239021301, 0.6348943114280701, 0.8266968131065369, 0.5269600749015808, 0.9665861129760742, 0.6416980028152466, 0.09150724112987518, 0.1505354642868042
17618.4227169, 0.912022590637207, 0.023450439795851707, 0.8083671927452087, 0.4049288332462311, 0.4334081709384918, 0.07010363042354584, 0.9665661454200745, 0.264151006937027
17618.4227375, 0.12354167550802231, 0.6294741034507751, 0.8441746830940247, 0.5281490683555603, 0.7506224513053894, 0.034331053495407104, 0.3992447853088379, 0.797038197517395
17618.4383816, 0.5401478409767151, 0.1974785327911377, 0.5916917324066162, 0.2996425926685333, 0.12244764715433121, 0.3041142225265503, 0.6861884593963623, 0.6756272315979004
17618.4540265, 0.360726922750473, 0.37265563011169434, 0.14725950360298157, 0.19253705441951752, 0.834465503692627, 0.5687897801399231, 0.16517236828804016, 0.022975817322731018
17618.4540686, 0.9462502002716064, 0.13044866919517517, 0.6899693012237549, 0.2960340678691864, 0.4725792109966278, 0.16142205893993378, 0.7375370264053345, 0.44789350032806396
17618.4695975, 0.14141453802585602, 0.7910411357879639, 0.4401768743991852, 0.05356923118233681, 0.65121990442276, 0.6263309121131897, 0.037418182939291, 0.04224195331335068
17618.469621, 0.2666758596897125, 0.06446237117052078, 0.9647637605667114, 0.45683494210243225, 0.29310840368270874, 0.24327585101127625, 0.8782133460044861, 0.3209465444087982
17618.485197, 0.6956247687339783, 0.19172507524490356, 0.4433630704879761, 0.14085790514945984, 0.7832284569740295, 0.1966543346643448, 0.518398106098175, 0.8251807689666748
17618.5008771, 0.02929666079580784, 0.4645717442035675, 0.6622540950775146, 0.30906063318252563, 0.4952157139778137, 0.1742330640554428, 0.1547902226448059, 0.5805901288986206
17618.5009153, 0.7497448325157166, 0.47027429938316345, 0.9069783687591553, 0.6623685359954834, 0.1531982123851776, 0.9017488956451416, 0.5944655537605286, 0.024302659556269646
17618.5164904, 0.9362674355506897, 0.3373647630214691, 0.01285249087959528, 0.7842852473258972, 0.4068189859390259, 0.5635496973991394, 0.3265053927898407, 0.06129051372408867
17618.5321942, 0.03600519895553589, 0.7384384274482727, 0.7405966520309448, 0.3198307752609253, 0.6465877294540405, 0.521577000617981, 0.8693462610244751, 0.827548623085022
17618.5322299, 0.09624642878770828, 0.5737274885177612, 0.25464704632759094, 0.5942124724388123, 0.3779999315738678, 0.6949620842933655, 0.510452926158905, 0.8852929472923279
17618.5477508, 0.7255833148956299, 0.4669595956802368, 0.7072093486785889, 0.7435555458068848, 0.7614232897758484, 0.32773005962371826, 0.7665772438049316, 0.503706157207489
17618.5633518, 0.9857528209686279, 0.40280964970588684, 0.8204168081283569, 0.23657044768333435, 0.7635031938552856, 0.7521689534187317, 0.8284749984741211, 0.45468413829803467
17618.5633718, 0.1581408977508545, 0.411387175321579, 0.8033686280250549, 0.2936839461326599, 0.3423517048358917, 0.6854877471923828, 0.947529673576355, 0.8107361197471619
17618.5789803, 0.09475564956665039, 0.870038628578186, 0.5364358425140381, 0.8171789646148682, 0.24005472660064697, 0.4632795751094818, 0.7401005029678345, 0.9631139636039734
17618.5946595, 0.8924255967140198, 0.9934889078140259, 0.04055144265294075, 0.8328944444656372, 0.33400511741638184, 0.5973795056343079, 0.33152449131011963, 0.16536109149456024
17618.594696, 0.3541649878025055, 0.5383599400520325, 0.3325037658214569, 0.6345774531364441, 0.7709870338439941, 0.1506318598985672, 0.8055061101913452, 0.7690674662590027
17618.6102058, 0.43396317958831787, 0.5379064679145813, 0.49882206320762634, 0.6857760548591614, 0.2202610820531845, 0.7581866383552551, 0.9160735607147217, 0.8687638640403748
17618.6102218, 0.7461932897567749, 0.058910124003887177, 0.5588101148605347, 0.3516276776790619, 0.2807444632053375, 0.7792451977729797, 0.9380161762237549, 0.5838841795921326
17618.6258373, 0.1927533745765686, 0.11370866000652313, 0.4985293447971344, 0.7289687395095825, 0.09382988512516022, 0.14630605280399323, 0.14102332293987274, 0.15718969702720642
17618.6418048, 0.11619661748409271, 0.683068573474884, 0.7810206413269043, 0.24129760265350342, 0.2773296535015106, 0.8542153835296631, 0.8987436294555664, 0.0404013954102993
17618.6418225, 0.5194834470748901, 0.024313567206263542, 0.7078695297241211, 0.9089270234107971, 0.5591813921928406, 0.8680369257926941, 0.20155763626098633, 0.5330562591552734
17618.6577088, 0.5012398958206177, 0.497209370136261, 0.11611969769001007, 0.3586460053920746, 0.8531303405761719, 0.07476847618818283, 0.9282911419868469, 0.5019642114639282
17618.6728052, 0.07276113331317902, 0.3978780508041382, 0.4906063973903656, 0.6029555797576904, 0.21006321907043457, 0.06182242929935455, 0.8152447938919067, 0.11984966695308685
17618.6728264, 0.5768582820892334, 0.16194860637187958, 0.7605565190315247, 0.22434286773204803, 0.7302566766738892, 0.18174824118614197, 0.5684166550636292, 0.14003917574882507
17618.6884439, 0.692252516746521, 0.47425949573516846, 0.36651691794395447, 0.726638674736023, 0.31305262446403503, 0.40047162771224976, 0.023668063804507256, 0.20922411978244781
17618.7044206, 0.25616586208343506, 0.9752323031425476, 0.8670182228088379, 0.6410951614379883, 0.9798335433006287, 0.8266332745552063, 0.3448503911495209, 0.9610956311225891
17618.7044482, 0.3868505656719208, 0.18415457010269165, 0.018253352493047714, 0.6032267808914185, 0.12607704102993011, 0.46017247438430786, 0.7260482907295227, 0.8505513072013855
17618.7200637, 0.03473791107535362, 0.2105502337217331, 0.8573341369628906, 0.505909264087677, 0.6534435749053955, 0.028734572231769562, 0.0269938874989748, 0.7085503935813904
17618.7200969, 0.3779396116733551, 0.5739595293998718, 0.875535786151886, 0.5668980479240417, 0.6753283143043518, 0.7608141899108887, 0.1853318214416504, 0.7322797179222107
17618.7356092, 0.1864076405763626, 0.08920978754758835, 0.0942247211933136, 0.5432316660881042, 0.35732942819595337, 0.485563188791275, 0.37254852056503296, 0.8199253082275391
17618.7512219, 0.7242026925086975, 0.7406463027000427, 0.8496348857879639, 0.7643750309944153, 0.4029025733470917, 0.9185090065002441, 0.9565324783325195, 0.7648925185203552
17618.7512388, 0.43452250957489014, 0.23362745344638824, 0.5583018064498901, 0.6139545440673828, 0.7174254655838013, 0.7800398468971252, 0.9016864895820618, 0.8041201233863831
17618.7668604, 0.6653222441673279, 0.9588733911514282, 0.9294688701629639, 0.25205615162849426, 0.7581547498703003, 0.7076948285102844, 0.10135532915592194, 0.329066663980484
17618.782557, 0.42219486832618713, 0.8200376033782959, 0.6620845794677734, 0.26764819025993347, 0.017926791682839394, 0.4149548411369324, 0.48048532009124756, 0.47118183970451355
17618.7825752, 0.544929563999176, 0.3639746904373169, 0.16676856577396393, 0.2719974219799042, 0.5042072534561157, 0.5956041812896729, 0.28922122716903687, 0.0828259140253067
17618.7981981, 0.12898914515972137, 0.0007484201341867447, 0.6480979919433594, 0.4163583517074585, 0.9367903470993042, 0.7076113820075989, 0.7783713936805725, 0.508164644241333
17618.813886, 0.6381103992462158, 0.29300248622894287, 0.4678768217563629, 0.3650757074356079, 0.3180660903453827, 0.10174958407878876, 0.22546368837356567, 0.0622682198882103
17618.813909, 0.3649570047855377, 0.368590772151947, 0.7689265608787537, 0.740170419216156, 0.2466956079006195, 0.7515479326248169, 0.0593264177441597, 0.19639424979686737
17618.8295471, 0.6874524354934692, 0.7854570150375366, 0.43626531958580017, 0.4983404576778412, 0.31924721598625183, 0.42445042729377747, 0.638680636882782, 0.4238274395465851
17618.829571, 0.42163360118865967, 0.36918357014656067, 0.4785083830356598, 0.1513662338256836, 0.14564964175224304, 0.6356163620948792, 0.48561328649520874, 0.8074846863746643
17618.8451703, 0.4956205189228058, 0.24648074805736542, 0.342951238155365, 0.36589503288269043, 0.7918853759765625, 0.41231438517570496, 0.4389437139034271, 0.002646986162289977
17618.8607541, 0.43854957818984985, 0.18649330735206604, 0.1274338811635971, 0.5865083932876587, 0.5376507043838501, 0.054354049265384674, 0.7595897912979126, 0.550530195236206
17618.8607715, 0.42304229736328125, 0.5557673573493958, 0.47099581360816956, 0.3290432393550873, 0.75673508644104, 0.45445701479911804, 0.24739788472652435, 0.21212784945964813
17618.8766145, 0.0023393810261040926, 0.12096702307462692, 0.24014398455619812, 0.9110897183418274, 0.12909656763076782, 0.10224612802267075, 0.7621330618858337, 0.3356650769710541
17618.8921601, 0.5531526207923889, 0.5108348727226257, 0.4556475579738617, 0.20079092681407928, 0.7732773423194885, 0.9775031208992004, 0.19413042068481445, 0.4950355291366577
17618.8922002, 0.6073080897331238, 0.55677330493927, 0.8288730382919312, 0.957409143447876, 0.5869362950325012, 0.4080590307712555, 0.10387923568487167, 0.3714756667613983
17618.9077421, 0.8640254735946655, 0.48296576738357544, 0.7610711455345154, 0.9494942426681519, 0.7505443692207336, 0.8348292112350464, 0.8979309797286987, 0.7530955672264099
17618.9232775, 0.9179826378822327, 0.8273761868476868, 0.45944949984550476, 0.6527594923973083, 0.5349418520927429, 0.09685914218425751, 0.6726927757263184, 0.8729187846183777
17618.9232987, 0.6210726499557495, 0.23604647815227509, 0.28243038058280945, 0.44873401522636414, 0.5088552832603455, 0.6479505896568298, 0.4703006446361542, 0.5150905847549438
17618.9389278, 0.4117876887321472, 0.7926788926124573, 0.20732960104942322, 0.9886388182640076, 0.30499139428138733, 0.7743386030197144, 0.6135143637657166, 0.2461264282464981
17618.9547782, 0.5532620549201965, 0.6425144076347351, 0.8359077572822571, 0.32610955834388733, 0.2715446949005127, 0.4771735370159149, 0.7299018502235413, 0.28083547949790955
17618.9548233, 0.20348507165908813, 0.13330401480197906, 0.6278084516525269, 0.27983182668685913, 0.18724974989891052, 0.6777192950248718, 0.8582454919815063, 0.3926945924758911
17618.9701749, 0.3642160892486572, 0.8512824177742004, 0.6013102531433105, 0.021275749430060387, 0.48437991738319397, 0.11018147319555283, 0.11924690753221512, 0.43191206455230713
17618.9702175, 0.8089598417282104, 0.6487414836883545, 0.11802930384874344, 0.1691221296787262, 0.5349337458610535, 0.3252866566181183, 0.763671875, 0.855750322341919
17618.9857378, 0.13437069952487946, 0.723842978477478, 0.3812635540962219, 0.5636764168739319, 0.7904492020606995, 0.0555979460477829, 0.6822125315666199, 0.9576966762542725
17619.0017104, 0.15767352283000946, 0.4713040888309479, 0.3121906518936157, 0.4846136271953583, 0.17949993908405304, 0.013197297230362892, 0.445307195186615, 0.7128416895866394
17619.0017466, 0.8359997868537903, 0.052902597934007645, 0.24375084042549133, 0.06537074595689774, 0.17409756779670715, 0.2640380263328552, 0.6245449781417847, 0.3107585310935974
17619.0170092, 0.7098063230514526, 0.9795031547546387, 0.5402409434318542, 0.9180090427398682, 0.14310242235660553, 0.35686352849006653, 0.6328133344650269, 0.8864737153053284
17619.0326989, 0.5576981902122498, 0.3840789794921875, 0.2407277673482895, 0.09976612031459808, 0.6653928160667419, 0.9178411960601807, 0.7104587554931641, 0.289234459400177
17619.0327275, 0.8944159150123596, 0.9338172078132629, 0.2733733654022217, 0.9026788473129272, 0.2954446077346802, 0.07568414509296417, 0.35391849279403687, 0.3083590865135193
17619.0482696, 0.8041943311691284, 0.07012868672609329, 0.8711780905723572, 0.47508010268211365, 0.9979711771011353, 0.6899341344833374, 0.5815089344978333, 0.17124776542186737
17619.0638905, 0.6076414585113525, 0.4939706027507782, 0.4900851547718048, 0.35651785135269165, 0.20841068029403687, 0.2791544497013092, 0.37118828296661377, 0.31936636567115784
17619.0639137, 0.7421754598617554, 0.15309709310531616, 0.43678468465805054, 0.6511686444282532, 0.11251722276210785, 0.7764288783073425, 0.3663659393787384, 0.35204437375068665
17619.0795658, 0.11934757977724075, 0.7207081913948059, 0.44917550683021545, 0.6842305064201355, 0.3657557964324951, 0.256703644990921, 0.6924152970314026, 0.2979726493358612
17619.0795934, 0.8343221545219421, 0.17168594896793365, 0.5958786010742188, 0.3362784683704376, 0.33833926916122437, 0.8042659163475037, 0.010971276089549065, 0.8887618780136108
17619.0952128, 0.4234163463115692, 0.43990424275398254, 0.7304232716560364, 0.963236391544342, 0.22295185923576355, 0.6179780960083008, 0.09666413813829422, 0.9540172219276428
17619.1107969, 0.20387998223304749, 0.56997150182724, 0.9432390332221985, 0.1299608051776886, 0.6631293892860413, 0.4724184274673462, 0.3926710784435272, 0.4165623188018799
17619.1108272, 0.5927684903144836, 0.9480571746826172, 0.5652151107788086, 0.12090326100587845, 0.8471443057060242, 0.7310960292816162, 0.7015166878700256, 0.9944473505020142
17619.126401, 0.7659899592399597, 0.8655063509941101, 0.4308951199054718, 0.7453622817993164, 0.33397629857063293, 0.8097463846206665, 0.9772284626960754, 0.33166420459747314
17619.1420805, 0.5346465110778809, 0.2809354066848755, 0.12563994526863098, 0.9586772322654724, 0.23931604623794556, 0.34165120124816895, 0.5656353235244751, 0.21054419875144958
17619.1421048, 0.04754999279975891, 0.2786444425582886, 0.47975870966911316, 0.02955005131661892, 0.5487735867500305, 0.21758383512496948, 0.7884326577186584, 0.41064050793647766
17619.1576105, 0.5201987028121948, 0.07220043241977692, 0.7225722074508667, 0.5924733877182007, 0.6339823603630066, 0.9423284530639648, 0.8001157641410828, 0.5498859882354736
17619.1732841, 0.34798547625541687, 0.7170567512512207, 0.9779838919639587, 0.18270130455493927, 0.08154769986867905, 0.025310339406132698, 0.43419450521469116, 0.29672756791114807
17619.173309, 0.07611741125583649, 0.47163158655166626, 0.6422678232192993, 0.37655583024024963, 0.936995267868042, 0.17389141023159027, 0.31167563796043396, 0.9554525017738342
17619.188915, 0.16217541694641113, 0.4778366684913635, 0.7804849743843079, 0.061625346541404724, 0.6569840312004089, 0.9795687198638916, 0.3198580741882324, 0.03476874530315399
17619.2045512, 0.6768025159835815, 0.7600983381271362, 0.44333162903785706, 0.6548735499382019, 0.9300559759140015, 0.8877745866775513, 0.09026120603084564, 0.09336989372968674
17619.2045723, 0.3819442391395569, 0.7371660470962524, 0.777048647403717, 0.3025818169116974, 0.05911872163414955, 0.9958539009094238, 0.008439079858362675, 0.7900128960609436
17619.2201279, 0.48883864283561707, 0.6691206693649292, 0.1439400464296341, 0.8702695369720459, 0.31073376536369324, 0.9414173364639282, 0.4446561336517334, 0.02753613516688347
17619.2201454, 0.3659322261810303, 0.26332640647888184, 0.3500283360481262, 0.5935972332954407, 0.7616432905197144, 0.6499710083007812, 0.6866337060928345, 0.5761616230010986
17619.2359206, 0.06517428904771805, 0.07026836276054382, 0.001074073021300137, 0.383491188287735, 0.4777415990829468, 0.8833656907081604, 0.9007789492607117, 0.0030159170273691416
17619.2514279, 0.6874731779098511, 0.8396055698394775, 0.9740586876869202, 0.956794261932373, 0.30166298151016235, 0.8979173302650452, 0.19433309137821198, 0.537311851978302
17619.2514475, 0.6609126925468445, 0.7878530621528625, 0.9554896950721741, 0.4872950613498688, 0.02260289341211319, 0.46976473927497864, 0.7490972280502319, 0.6315990090370178
17619.2670888, 0.9951626658439636, 0.08268827199935913, 0.3688473701477051, 0.4057769179344177, 0.09506796300411224, 0.011028466746211052, 0.924096941947937, 0.2846410870552063
17619.2826191, 0.174047589302063, 0.9386311769485474, 0.139847069978714, 0.47471675276756287, 0.2745109796524048, 0.7382128834724426, 0.8028258085250854, 0.34323379397392273
17619.2826376, 0.9384368658065796, 0.6057317852973938, 0.3582133650779724, 0.39484959840774536, 0.29976725578308105, 0.4824540615081787, 0.17597322165966034, 0.07646937668323517
17619.2982804, 0.8531444072723389, 0.9327183961868286, 0.22675153613090515, 0.07769984006881714, 0.9155512452125549, 0.6071182489395142, 0.5922098755836487, 0.38923898339271545
17619.3138776, 0.09275370091199875, 0.13910745084285736, 0.2879650294780731, 0.08546489477157593, 0.992245614528656, 0.8803443312644958, 0.3633577823638916, 0.27589645981788635
17619.3138959, 0.3283609449863434, 0.9105241894721985, 0.4879206418991089, 0.6698082089424133, 0.7091631889343262, 0.5800467133522034, 0.4770301580429077, 0.2663450241088867
17619.3298022, 0.5744837522506714, 0.08229590952396393, 0.7438294291496277, 0.1784883588552475, 0.2950471341609955, 0.7651153206825256, 0.8518922328948975, 0.37587717175483704
17619.3298428, 0.8149709105491638, 0.48012271523475647, 0.33966147899627686, 0.8501374125480652, 0.09183163195848465, 0.44255998730659485, 0.9852586388587952, 0.24446599185466766
17619.3451855, 0.8791272640228271, 0.3254516124725342, 0.807864248752594, 0.16284191608428955, 0.5254346132278442, 0.414571076631546, 0.15832573175430298, 0.7679095268249512
17619.3607825, 0.282120019197464, 0.6327157020568848, 0.8611684441566467, 0.5487895011901855, 0.8591545224189758, 0.7697691321372986, 0.5226669311523438, 0.08266642689704895
17619.3608104, 0.45187103748321533, 0.8834812045097351, 0.8473614454269409, 0.9840343594551086, 0.6905750036239624, 0.2834065854549408, 0.8398803472518921, 0.9975927472114563
17619.3763749, 0.562889039516449, 0.5040756464004517, 0.933327853679657, 0.8716757297515869, 0.057116102427244186, 0.6320487856864929, 0.05915673077106476, 0.3565652370452881
17619.3924956, 0.10431531071662903, 0.5188586711883545, 0.26286745071411133, 0.04198399558663368, 0.9425549507141113, 0.3921133577823639, 0.6674060821533203, 0.8306193947792053
17619.392534, 0.5540448427200317, 0.8627308011054993, 0.37322014570236206, 0.34678587317466736, 0.29117703437805176, 0.25702500343322754, 0.9325888752937317, 0.8088262677192688
17619.4076816, 0.15624089539051056, 0.7270376086235046, 0.1264398992061615, 0.7413743138313293, 0.3352571129798889, 0.15239711105823517, 0.9238305687904358, 0.9121103286743164
17619.4232689, 0.3799133896827698, 0.6206856966018677, 0.2742276191711426, 0.1801031231880188, 0.632514476776123, 0.6384927034378052, 0.45265746116638184, 0.5111466646194458
17619.4232962, 0.6660922169685364, 0.5952609777450562, 0.09363387525081635, 0.3097270131111145, 0.054405663162469864, 0.32545819878578186, 0.9091909527778625, 0.35035791993141174
17619.4389784, 0.8229202032089233, 0.8513563871383667, 0.819471001625061, 0.8680508136749268, 0.5882340669631958, 0.8073301315307617, 0.19115160405635834, 0.29524683952331543
17619.4546078, 0.6334791779518127, 0.8953280448913574, 0.5578249096870422, 0.5666669607162476, 0.3867085576057434, 0.786068320274353, 0.2736899256706238, 0.7499240040779114
17619.4546424, 0.9177438020706177, 0.6232842206954956, 0.9599509239196777, 0.9621429443359375, 0.9166678786277771, 0.5904432535171509, 0.370746910572052, 0.6135239601135254
17619.4701477, 0.009497965686023235, 0.4584808349609375, 0.7559280395507812, 0.07644079625606537, 0.7777578234672546, 0.37908780574798584, 0.44595128297805786, 0.9144216775894165
17619.4701816, 0.20763123035430908, 0.6294615864753723, 0.5979894399642944, 0.583601176738739, 0.7562574148178101, 0.391902893781662, 0.0591413639485836, 0.2518113851547241
17619.4857543, 0.1599074751138687, 0.966166615486145, 0.46681687235832214, 0.40728992223739624, 0.8353805541992188, 0.10030088573694229, 0.5346003770828247, 0.2931460738182068
17619.5013883, 0.844340443611145, 0.940501868724823, 0.7135858535766602, 0.2633677124977112, 0.2582833170890808, 0.7577284574508667, 0.45577099919319153, 0.24249401688575745
17619.5014086, 0.5675727725028992, 0.4828296899795532, 0.07380451261997223, 0.67662513256073, 0.5618334412574768, 0.5387454628944397, 0.5983931422233582, 0.09284418821334839
17619.5170417, 0.1353004425764084, 0.9689657688140869, 0.06470855325460434, 0.27892881631851196, 0.17027275264263153, 0.9369968175888062, 0.6260983943939209, 0.43090933561325073
17619.5326298, 0.5829527974128723, 0.5333342552185059, 0.39176079630851746, 0.40368592739105225, 0.38595694303512573, 0.5916284322738647, 0.9263315200805664, 0.9709179997444153
17619.532652, 0.22992129623889923, 0.10468127578496933, 0.4752689301967621, 0.06525014340877533, 0.9596179127693176, 0.9325375556945801, 0.9885386228561401, 0.4083350598812103
17619.5483018, 0.41396960616111755, 0.48814085125923157, 0.7360010743141174, 0.10890738666057587, 0.37067967653274536, 0.7399851083755493, 0.055493906140327454, 0.40941059589385986
17619.5638575, 0.3982681334018707, 0.15926730632781982, 0.3320428729057312, 0.3603709638118744, 0.8133803009986877, 0.4206162691116333, 0.2976851165294647, 0.12852352857589722
17619.5638787, 0.5197657942771912, 0.026440436020493507, 0.11253442615270615, 0.525211751461029, 0.3714506924152374, 0.5727905631065369, 0.16270238161087036, 0.4073732793331146
17619.5794992, 0.2344067096710205, 0.6363539695739746, 0.2899652123451233, 0.2584003508090973, 0.865973174571991, 0.17535322904586792, 0.513734757900238, 0.029333287850022316
17619.5795188, 0.4899551272392273, 0.34086737036705017, 0.143177792429924, 0.3642582893371582, 0.8745256066322327, 0.3029170036315918, 0.556972861289978, 0.3967796266078949
17619.5951918, 0.7310642600059509, 0.07837856560945511, 0.4442295730113983, 0.8580595254898071, 0.8432931900024414, 0.1273658126592636, 0.4971863627433777, 0.2887706756591797
17619.6107424, 0.03867277130484581, 0.565220296382904, 0.3043438792228699, 0.7176678776741028, 0.8960780501365662, 0.7948482036590576, 0.6374649405479431, 0.7749648690223694
17619.6107648, 0.6784235239028931, 0.9672535061836243, 0.9094766974449158, 0.23548546433448792, 0.32475554943084717, 0.889373242855072, 0.7881777882575989, 0.01306418888270855
17619.6264099, 0.9525718092918396, 0.08840423822402954, 0.5866580605506897, 0.4081087112426758, 0.2556051015853882, 0.45941004157066345, 0.4296087920665741, 0.5711490511894226
17619.6420241, 0.7590088844299316, 0.37335851788520813, 0.007691654842346907, 0.2740597724914551, 0.20256465673446655, 0.8105295896530151, 0.3242785632610321, 0.7295838594436646
17619.6420471, 0.3204885721206665, 0.6292459964752197, 0.4543454349040985, 0.5399883985519409, 0.33440661430358887, 0.0976463034749031, 0.9580304026603699, 0.7244014143943787
17619.6576447, 0.8925252556800842, 0.09354089945554733, 0.2928246855735779, 0.041462983936071396, 0.5640637874603271, 0.3472196161746979, 0.6217329502105713, 0.8906453847885132
17619.6732848, 0.35143664479255676, 0.0617854930460453, 0.880613386631012, 0.022603653371334076, 0.3065406382083893, 0.5483984351158142, 0.5917190909385681, 0.9567365646362305
17619.6733085, 0.5279282331466675, 0.2168140411376953, 0.44218653440475464, 0.06132270023226738, 0.23684939742088318, 0.08621586114168167, 0.4118117094039917, 0.6035771369934082
17619.6889041, 0.2295660674571991, 0.6712544560432434, 0.47945094108581543, 0.9525783658027649, 0.9459760189056396, 0.5255781412124634, 0.6613284945487976, 0.6209213733673096
17619.704514, 0.6261085271835327, 0.7619420289993286, 0.6662865877151489, 0.8897376656532288, 0.735088050365448, 0.32439693808555603, 0.17528922855854034, 0.1787099540233612
17619.7045384, 0.5723936557769775, 0.16497893631458282, 0.8242815732955933, 0.11196860671043396, 0.5884365439414978, 0.4474385380744934, 0.04114844650030136, 0.5980578660964966
17619.7201886, 0.27089565992355347, 0.8573198914527893, 0.7504575848579407, 0.4387168288230896, 0.9091210961341858, 0.2919272780418396, 0.28174054622650146, 0.09266293793916702
17619.7202188, 0.1054142490029335, 0.2631967067718506, 0.8365785479545593, 0.992603600025177, 0.33514469861984253, 0.7947952747344971, 0.6597926020622253, 0.13448992371559143
17619.7357577, 0.2181849628686905, 0.2386249601840973, 0.5554823279380798, 0.8727757930755615, 0.49202272295951843, 0.7922164797782898, 0.6245187520980835, 0.9288520812988281
17619.751399, 0.8710887432098389, 0.5203880667686462, 0.006115153431892395, 0.39110931754112244, 0.1865435093641281, 0.7071161866188049, 0.8252449035644531, 0.5110335350036621
17619.7514201, 0.7422024011611938, 0.8940999507904053, 0.5962287187576294, 0.6383426189422607, 0.33751943707466125, 0.9753715991973877, 0.9488980770111084, 0.16382890939712524
17619.7672298, 0.8365464806556702, 0.5655025839805603, 0.5082476139068604, 0.15522456169128418, 0.7161336541175842, 0.2331470251083374, 0.06361119449138641, 0.6358681917190552
17619.7826928, 0.8380607962608337, 0.4333992898464203, 0.3006048798561096, 0.5989620685577393, 0.7794037461280823, 0.8240535259246826, 0.5286383032798767, 0.7508314251899719
17619.7827371, 0.8832314610481262, 0.27957889437675476, 0.40391579270362854, 0.1483987420797348, 0.19696594774723053, 0.44597333669662476, 0.173287495970726, 0.6856372356414795
17619.7982927, 0.4325237572193146, 0.216062992811203, 0.9514532685279846, 0.8289901614189148, 0.6623222827911377, 0.8127253651618958, 0.7078039050102234, 0.27709880471229553
17619.8139153, 0.10032276809215546, 0.4456292688846588, 0.24641048908233643, 0.836917519569397, 0.9139315485954285, 0.7099018692970276, 0.6763006448745728, 0.3826446533203125
17619.8139376, 0.8261731266975403, 0.6138216853141785, 0.40802887082099915, 0.05649294704198837, 0.5605788826942444, 0.026320703327655792, 0.7252533435821533, 0.8748359680175781
17619.8298063, 0.5051224827766418, 0.20577701926231384, 0.10687822848558426, 0.7321438193321228, 0.4366283416748047, 0.7963970899581909, 0.3937441110610962, 0.22610995173454285
17619.8298347, 0.6712961792945862, 0.6142749786376953, 0.5307568907737732, 0.26091647148132324, 0.48098015785217285, 0.6156606078147888, 0.09167687594890594, 0.2861185371875763
17619.8451616, 0.18289244174957275, 0.01833382248878479, 0.7810973525047302, 0.6524876952171326, 0.6426657438278198, 0.17988671362400055, 0.22579754889011383, 0.5158566832542419
17619.8607905, 0.22266064584255219, 0.26480597257614136, 0.4793395400047302, 0.549819827079773, 0.46143969893455505, 0.5948917269706726, 0.6953174471855164, 0.8801073431968689
17619.8608167, 0.5014876127243042, 0.8534420728683472, 0.9804246425628662, 0.5367624759674072, 0.47555577754974365, 0.26667526364326477, 0.6771209836006165, 0.8408733606338501
17619.8763797, 0.4518090784549713, 0.11133413016796112, 0.8247386813163757, 0.07980245351791382, 0.7547388076782227, 0.3983725309371948, 0.004104099702090025, 0.7857336401939392
17619.892502, 0.13180071115493774, 0.9004247188568115, 0.128618523478508, 0.13986988365650177, 0.8015603423118591, 0.1767117828130722, 0.521594226360321, 0.31496456265449524
17619.8925356, 0.2306591272354126, 0.5185180306434631, 0.6604532599449158, 0.9137411117553711, 0.5534995794296265, 0.2567405104637146, 0.9154694676399231, 0.17862366139888763
17619.9076314, 0.5869262218475342, 0.5235381722450256, 0.2878742516040802, 0.5242645740509033, 0.7687669396400452, 0.6206709146499634, 0.3883381187915802, 0.7895253896713257
17619.9232882, 0.2272300124168396, 0.04368569329380989, 0.0884867012500763, 0.4220767915248871, 0.3498639762401581, 0.6187121272087097, 0.3517341613769531, 0.9219765663146973
17619.9233235, 0.7917495965957642, 0.47479575872421265, 0.48499059677124023, 0.6426116824150085, 0.6535053849220276, 0.48232725262641907, 0.008567587472498417, 0.1637965440750122
17619.9389117, 0.9207392334938049, 0.25190743803977966, 0.9425436854362488, 0.7819898128509521, 0.9445175528526306, 0.027005428448319435, 0.3612900972366333, 0.67613685131073
17619.9548977, 0.36259695887565613, 0.08940519392490387, 0.8181222677230835, 0.019733794033527374, 0.5995825529098511, 0.8023332357406616, 0.7725164890289307, 0.4616539180278778
17619.9549199, 0.7541226148605347, 0.33462098240852356, 0.5450838804244995, 0.5799967050552368, 0.9941699504852295, 0.9874987006187439, 0.324576199054718, 0.1373578906059265
17619.9701701, 0.9590715765953064, 0.15558403730392456, 0.9338148236274719, 0.3597038984298706, 0.8876817226409912, 0.809066116809845, 0.7941250801086426, 0.6603052020072937
17619.9701911, 0.028507454320788383, 0.5185662508010864, 0.761174738407135, 0.22763118147850037, 0.3692033290863037, 0.589497447013855, 0.7922829985618591, 0.05417761206626892
17619.9857695, 0.563268780708313, 0.8785485625267029, 0.8010416626930237, 0.1687370240688324, 0.4505288600921631, 0.22796599566936493, 0.21218299865722656, 0.1512734442949295
17620.001414, 0.8712958097457886, 0.00781554076820612, 0.9792704582214355, 0.2582126259803772, 0.07254555076360703, 0.5359917283058167, 0.10279585421085358, 0.7165425419807434
17620.0014439, 0.13921292126178741, 0.12456870824098587, 0.3212113678455353, 0.5304648876190186, 0.7212163805961609, 0.5179715752601624, 0.2637058198451996, 0.9218083024024963
17620.0170938, 0.9119437336921692, 0.9051426649093628, 0.3421049416065216, 0.5757495760917664, 0.844897985458374, 0.16707198321819305, 0.017516449093818665, 0.8256537318229675
17620.0327446, 0.4022371172904968, 0.5849961638450623, 0.24550020694732666, 0.14230234920978546, 0.20658791065216064, 0.6835100650787354, 0.7306567430496216, 0.6063396334648132
17620.0327685, 0.84182208776474, 0.5847278833389282, 0.7307986617088318, 0.5455968976020813, 0.9553347826004028, 0.49949976801872253, 0.5935578346252441, 0.9360641837120056
17620.0482747, 0.3994333744049072, 0.009294643066823483, 0.157322958111763, 0.47313326597213745, 0.9935411214828491, 0.1741228848695755, 0.3486906588077545, 0.9794552326202393
17620.0639053, 0.21702207624912262, 0.7722625136375427, 0.6821566224098206, 0.5727866888046265, 0.4064825475215912, 0.7119736075401306, 0.6205599308013916, 0.9786005020141602
17620.063923, 0.9111357927322388, 0.29661694169044495, 0.303046852350235, 0.8667950630187988, 0.27734652161598206, 0.732460081577301, 0.18884611129760742, 0.9285058379173279
17620.079498, 0.23396626114845276, 0.26980388164520264, 0.5629689693450928, 0.7136754989624023, 0.3296572268009186, 0.32166290283203125, 0.8069146275520325, 0.879342794418335
17620.0795216, 0.04554802551865578, 0.5896833539009094, 0.9020577073097229, 0.1289694756269455, 0.422348290681839, 0.1260659098625183, 0.29239341616630554, 0.7997891306877136
17620.0953061, 0.12003073841333389, 0.8694361448287964, 0.06648518890142441, 0.1612335592508316, 0.25713205337524414, 0.794117271900177, 0.7072024941444397, 0.35305625200271606
17620.1107892, 0.6675623655319214, 0.8456770777702332, 0.33395498991012573, 0.4998985826969147, 0.575859785079956, 0.18441210687160492, 0.6997652053833008, 0.9244648218154907
17620.1108121, 0.14131209254264832, 0.8109415769577026, 0.49809959530830383, 0.3415067493915558, 0.4217858612537384, 0.713094174861908, 0.16560575366020203, 0.4970405101776123
17620.1267824, 0.01782084070146084, 0.4361685812473297, 0.32563552260398865, 0.7119157910346985, 0.8204136490821838, 0.7932840585708618, 0.968999445438385, 0.38733476400375366
17620.1420728, 0.4241141974925995, 0.9666183590888977, 0.7450811862945557, 0.22578805685043335, 0.4905354082584381, 0.7808667421340942, 0.36822062730789185, 0.7635796666145325
17620.1421134, 0.2065660059452057, 0.43756136298179626, 0.5352686047554016, 0.8541463017463684, 0.2530684769153595, 0.5933921933174133, 0.051676925271749496, 0.9463644623756409
17620.1576476, 0.894171953201294, 0.542663037776947, 0.9994832873344421, 0.31998586654663086, 0.28654658794403076, 0.4619874656200409, 0.4449435770511627, 0.014967862516641617
17620.1733222, 0.6488251090049744, 0.28163838386535645, 0.34874674677848816, 0.2981824576854706, 0.5212599635124207, 0.5988171100616455, 0.004433618858456612, 0.28982654213905334
17620.1733621, 0.06858591735363007, 0.051060449331998825, 0.8267000913619995, 0.2309807986021042, 0.843660295009613, 0.4618617594242096, 0.08445751667022705, 0.28721633553504944
17620.1888848, 0.048300594091415405, 0.1561664193868637, 0.4126189947128296, 0.8690767884254456, 0.3483262062072754, 0.39432498812675476, 0.1863253265619278, 0.976169228553772
17620.204765, 0.8614618182182312, 0.7459248900413513, 0.8033230304718018, 0.8291667103767395, 0.23074187338352203, 0.39205655455589294, 0.5470998883247375, 0.7699288725852966
17620.204788, 0.20015902817249298, 0.023392578586935997, 0.021859901025891304, 0.5505891442298889, 0.5102325081825256, 0.11656530946493149, 0.11961839348077774, 0.9999392032623291
17620.2201625, 0.7124666571617126, 0.8463652729988098, 0.3396216928958893, 0.057423919439315796, 0.483399361371994, 0.22627121210098267, 0.37187761068344116, 0.1826649010181427
17620.2201822, 0.17144103348255157, 0.3823770582675934, 0.6771520376205444, 0.6552549600601196, 0.4358135759830475, 0.5252741575241089, 0.9722963571548462, 0.09319810569286346
17620.2358569, 0.6583148837089539, 0.0029048852156847715, 0.8678869009017944, 0.7242907285690308, 0.19640296697616577, 0.7910321950912476, 0.5412387251853943, 0.20995065569877625
17620.2514173, 0.4226096570491791, 0.2959933280944824, 0.04581465199589729, 0.43148547410964966, 0.7125679850578308, 0.1450454294681549, 0.7384300827980042, 0.7244197130203247
17620.2514421, 0.9457771182060242, 0.2404649555683136, 0.444820761680603, 0.13108988106250763, 0.6932899951934814, 0.3653430640697479, 0.3349095582962036, 0.264201819896698
17620.2670534, 0.8182677626609802, 0.5962295532226562, 0.4230245053768158, 0.619347333908081, 0.45325347781181335, 0.7200924754142761, 0.46786075830459595, 0.579011857509613
17620.2827543, 0.031152190640568733, 0.2675859034061432, 0.975696325302124, 0.12525047361850739, 0.43748411536216736, 0.15112744271755219, 0.608215868473053, 0.9387623071670532
17620.2827998, 0.13814306259155273, 0.12101191282272339, 0.809269905090332, 0.8113070726394653, 0.0742025226354599, 0.14990133047103882, 0.6445501446723938, 0.10188335925340652
17620.2982668, 0.27211666107177734, 0.18581919372081757, 0.8031175136566162, 0.892888605594635, 0.48657679557800293, 0.5186981558799744, 0.4141077697277069, 0.6245977282524109
17620.3139366, 0.1938449889421463, 0.08056925982236862, 0.1868324726819992, 0.34665319323539734, 0.0622677356004715, 0.03569424897432327, 0.8953515291213989, 0.6134228706359863
17620.3139635, 0.0964418351650238, 0.37943926453590393, 0.708249032497406, 0.6593682169914246, 0.43014848232269287, 0.34638282656669617, 0.13044314086437225, 0.5650668144226074
17620.3297421, 0.4079519510269165, 0.5941092371940613, 0.3073357939720154, 0.2851468026638031, 0.4772459864616394, 0.06973513960838318, 0.7433738112449646, 0.8115512728691101
17620.3297649, 0.4432891607284546, 0.002848158124834299, 0.002561904489994049, 0.3884221911430359, 0.8355303406715393, 0.19713094830513, 0.5150070786476135, 0.9501237869262695
17620.3451609, 0.9448438882827759, 0.8085596561431885, 0.4045889377593994, 0.3005351126194, 0.24045322835445404, 0.7935590147972107, 0.5969690680503845, 0.12873700261116028
17620.3607895, 0.5127884745597839, 0.4718840718269348, 0.27210238575935364, 0.5135161876678467, 0.8479624390602112, 0.26559922099113464, 0.5887548923492432, 0.19424140453338623
17620.3608134, 0.6699967384338379, 0.6660560965538025, 0.28578174114227295, 0.774383544921875, 0.16025085747241974, 0.8680218458175659, 0.6513603925704956, 0.022420641034841537
17620.3763819, 0.10039754211902618, 0.9883458018302917, 0.8413315415382385, 0.17520910501480103, 0.5140308141708374, 0.1464819461107254, 0.41081446409225464, 0.9298602938652039
17620.392058, 0.20160618424415588, 0.9034755229949951, 0.5516300201416016, 0.6180582046508789, 0.044897954910993576, 0.6707972884178162, 0.21006467938423157, 0.022906526923179626
17620.3920826, 0.366433322429657, 0.39341938495635986, 0.9189121127128601, 0.12763644754886627, 0.5844528675079346, 0.116888128221035, 0.6097202301025391, 0.23554646968841553
17620.4076683, 0.991628885269165, 0.9738582372665405, 0.7762043476104736, 0.9797984957695007, 0.23917150497436523, 0.8995531797409058, 0.8493990898132324, 0.22978344559669495
17620.423246, 0.3761449158191681, 0.5856256484985352, 0.9807785749435425, 0.2782767713069916, 0.6287607550621033, 0.7080736756324768, 0.6299404501914978, 0.5429072380065918
17620.4232607, 0.7006518244743347, 0.3559316396713257, 0.2702772319316864, 0.5554466843605042, 0.1514746993780136, 0.1480444073677063, 0.46743592619895935, 0.47726401686668396
17620.4389252, 0.17914502322673798, 0.44923821091651917, 0.8761357069015503, 0.7082435488700867, 0.8939766883850098, 0.5404374003410339, 0.7349923849105835, 0.7191823720932007
17620.4546059, 0.7506445646286011, 0.6428457498550415, 0.9337248802185059, 0.3879823386669159, 0.16294121742248535, 0.17872746288776398, 0.7082927823066711, 0.5944527983665466
17620.4546553, 0.6193963885307312, 0.9441056847572327, 0.19744309782981873, 0.5939254760742188, 0.9085382223129272, 0.8629703521728516, 0.8467735052108765, 0.15868450701236725
17620.4701509, 0.6289662718772888, 0.9242432117462158, 0.9349130392074585, 0.8871464729309082, 0.4608323872089386, 0.038903504610061646, 0.5560910105705261, 0.07775137573480606
17620.4701849, 0.5517882704734802, 0.44524362683296204, 0.16057108342647552, 0.005048609338700771, 0.17178578674793243, 0.3213127553462982, 0.7402710318565369, 0.2692551612854004
17620.485814, 0.3355235159397125, 0.20652534067630768, 0.330972284078598, 0.7513518333435059, 0.4580078125, 0.08396730571985245, 0.3203820586204529, 0.025214295834302902
17620.5014267, 0.364684134721756, 0.575378954410553, 0.05736669525504112, 0.5936604142189026, 0.07302331924438477, 0.87834233045578, 0.920746386051178, 0.9220642447471619
17620.5014524, 0.7246190905570984, 0.627592146396637, 0.981843113899231, 0.48262831568717957, 0.09901148080825806, 0.07463647425174713, 0.46741655468940735, 0.5663204193115234
17620.5170096, 0.20431560277938843, 0.31683090329170227, 0.9176785945892334, 0.4517728388309479, 0.8634571433067322, 0.8570869565010071, 0.6565526127815247, 0.41925475001335144
17620.5326364, 0.05637659505009651, 0.638018786907196, 0.21587716042995453, 0.5445911288261414, 0.6601331233978271, 0.12601111829280853, 0.7633842825889587, 0.5607140064239502
17620.5326621, 0.24466094374656677, 0.8427519202232361, 0.967668354511261, 0.9061700105667114, 0.24064581096172333, 0.6765938401222229, 0.08524277806282043, 0.6104173064231873
17620.5482956, 0.0028407464269548655, 0.19319948554039001, 0.4137970209121704, 0.03449942544102669, 0.2550980746746063, 0.11673585325479507, 0.34747231006622314, 0.6319658160209656
17620.5638811, 0.6818351745605469, 0.4949362277984619, 0.6996638774871826, 0.5766561627388, 0.6489356160163879, 0.44463270902633667, 0.280077189207077, 0.5717366933822632
17620.5639046, 0.5381237268447876, 0.995656430721283, 0.7967138886451721, 0.6868343949317932, 0.37537598609924316, 0.301126092672348, 0.9785442352294922, 0.5316144227981567
17620.5795473, 0.3414960503578186, 0.2872353196144104, 0.9734654426574707, 0.5611832737922668, 0.7239010334014893, 0.4362613558769226, 0.5033055543899536, 0.5507136583328247
17620.5795918, 0.9859849810600281, 0.8045978546142578, 0.1193695142865181, 0.9039229154586792, 0.3024587333202362, 0.5396416783332825, 0.6202762722969055, 0.7835302352905273
17620.5951549, 0.9432812333106995, 0.11898104846477509, 0.34366175532341003, 0.8733338117599487, 0.4841475188732147, 0.7974563837051392, 0.2712818682193756, 0.23909448087215424
17620.6108138, 0.15600495040416718, 0.7952003479003906, 0.22382652759552002, 0.1515691578388214, 0.34084877371788025, 0.7769190669059753, 0.04320509359240532, 0.3228311538696289
17620.6108426, 0.5662883520126343, 0.02374492958188057, 0.1704930067062378, 0.5874919891357422, 0.3672906756401062, 0.0030285834800451994, 0.07575073838233948, 0.01644875854253769
17620.6264071, 0.5488720536231995, 0.8073452115058899, 0.07632039487361908, 0.08194097876548767, 0.5135844945907593, 0.6208935976028442, 0.5534241199493408, 0.308412104845047
17620.6423903, 0.9835039377212524, 0.9041942954063416, 0.0038910771254450083, 0.13423243165016174, 0.32417410612106323, 0.7945815324783325, 0.9463683366775513, 0.7136051058769226
17620.6424215, 0.7852706909179688, 0.6156043410301208, 0.14255331456661224, 0.4865853786468506, 0.4524722993373871, 0.5974870324134827, 0.8511886596679688, 0.7101614475250244
17620.6576372, 0.18112985789775848, 0.5647981762886047, 0.24868357181549072, 0.6479523181915283, 0.6004221439361572, 0.46600469946861267, 0.5083743929862976, 0.6289998292922974
17620.6728124, 0.5334966778755188, 0.9411399960517883, 0.07716831564903259, 0.3801990747451782, 0.9083675742149353, 0.12293148040771484, 0.20467057824134827, 0.2974301278591156
17620.6728439, 0.8415256142616272, 0.32449477910995483, 0.32439112663269043, 0.3988194465637207, 0.6356297731399536, 0.49904143810272217, 0.8096383810043335, 0.28321802616119385
17620.6887929, 0.8836134076118469, 0.9915133714675903, 0.9742187857627869, 0.48969170451164246, 0.389936625957489, 0.7492884993553162, 0.8563500046730042, 0.8857131004333496
17620.7047633, 0.15050923824310303, 0.9353140592575073, 0.08779539912939072, 0.4290756285190582, 0.39409318566322327, 0.9797415733337402, 0.6020197868347168, 0.04799412935972214
17620.7047913, 0.28574660420417786, 0.1787281632423401, 0.6987150311470032, 0.9944149255752563, 0.717113733291626, 0.5571568608283997, 0.19224616885185242, 0.2576059401035309
17620.7207566, 0.9725891351699829, 0.8688796162605286, 0.34121909737586975, 0.5577885508537292, 0.2706971764564514, 0.7603196501731873, 0.2823575437068939, 0.3411005735397339
17620.7207786, 0.9304438233375549, 0.14481103420257568, 0.9458786845207214, 0.789893627166748, 0.23930364847183228, 0.7668477296829224, 0.7100843787193298, 0.1160932406783104
17620.7367936, 0.9831026792526245, 0.11626798659563065, 0.7857010960578918, 0.5022537112236023, 0.6171360015869141, 0.14507247507572174, 0.7736096382141113, 0.8129287958145142
17620.7531399, 0.4778819680213928, 0.4106381833553314, 0.8849038481712341, 0.5338283777236938, 0.4734024703502655, 0.5923120379447937, 0.1654634326696396, 0.9904053807258606
17620.7531759, 0.44254544377326965, 0.12659896910190582, 0.3008474111557007, 0.6594143509864807, 0.5504928231239319, 0.1324269324541092, 0.6057329773902893, 0.31604310870170593
17620.7682654, 0.6893470883369446, 0.7916603088378906, 0.5852968692779541, 0.894390881061554, 0.6270042061805725, 0.3591642379760742, 0.9029723405838013, 0.5260962247848511
17620.7841238, 0.7877199649810791, 0.9652665257453918, 0.5780573487281799, 0.7629371285438538, 0.3224541246891022, 0.10758581012487411, 0.3961228132247925, 0.07031960785388947
17620.7841499, 0.4253741204738617, 0.8371462225914001, 0.004298201762139797, 0.15053926408290863, 0.15055663883686066, 0.8281939625740051, 0.31753915548324585, 0.26507312059402466
17620.8000987, 0.7673187851905823, 0.0014882170362398028, 0.23070915043354034, 0.46786633133888245, 0.219712033867836, 0.0809081420302391, 0.45570316910743713, 0.4358057379722595
17620.800115, 0.14879092574119568, 0.25434795022010803, 0.4996371567249298, 0.7474360466003418, 0.23128724098205566, 0.5921823978424072, 0.43616482615470886, 0.0753844827413559
17620.8161362, 0.04917861521244049, 0.10853178054094315, 0.7763018012046814, 0.044191569089889526, 0.59251868724823, 0.21418671309947968, 0.06464885175228119, 0.16315457224845886
17620.8320944, 0.6611032485961914, 0.49112510681152344, 0.08743949234485626, 0.3689160645008087, 0.16144651174545288, 0.06018330901861191, 0.11328276991844177, 0.5596168637275696
17620.8321158, 0.7039024829864502, 0.26008662581443787, 0.7627882361412048, 0.26566779613494873, 0.7442662715911865, 0.6882615685462952, 0.1515151709318161, 0.6852027773857117
17620.8479306, 0.9515583515167236, 0.6607983708381653, 0.1587866246700287, 0.12133193761110306, 0.6625853776931763, 0.5338086485862732, 0.43923133611679077, 0.37854620814323425
17620.8643638, 0.7318357229232788, 0.3197549879550934, 0.5611719489097595, 0.4296812415122986, 0.459316223859787, 0.012910821475088596, 0.9999439716339111, 0.6974306106567383
17620.8644133, 0.9002487063407898, 0.7179129719734192, 0.28634944558143616, 0.06399513781070709, 0.9350672364234924, 0.05726687237620354, 0.6741034984588623, 0.2394239902496338
17620.8796735, 0.44900962710380554, 0.6173629760742188, 0.7518860697746277, 0.8885211944580078, 0.23629944026470184, 0.999280571937561, 0.45284396409988403, 0.3745664358139038
17620.8797067, 0.7311528325080872, 0.40025582909584045, 0.4272816479206085, 0.05170237645506859, 0.7029948234558105, 0.839938759803772, 0.4408118426799774, 0.016477497294545174
17620.8956621, 0.21165747940540314, 0.40153032541275024, 0.8179565072059631, 0.45414257049560547, 0.5608254075050354, 0.3292486369609833, 0.5712546706199646, 0.05875711888074875
17620.9116802, 0.02438402734696865, 0.2860276401042938, 0.034628432244062424, 0.7166407704353333, 0.6089632511138916, 0.2267562597990036, 0.3006221652030945, 0.08762073516845703
17620.9117115, 0.8668283224105835, 0.6063464283943176, 0.06341946870088577, 0.7297407984733582, 0.3696635663509369, 0.35371243953704834, 0.09352710843086243, 0.931476891040802
17620.927951, 0.7784989476203918, 0.9865754246711731, 0.8085289597511292, 0.23021410405635834, 0.24365101754665375, 0.30145934224128723, 0.9791429042816162, 0.232801616191864
17620.9436848, 0.7071648240089417, 0.192133367061615, 0.43588078022003174, 0.08404713124036789, 0.277016818523407, 0.6135357618331909, 0.20122069120407104, 0.7533467411994934
17620.943709, 0.22745929658412933, 0.3041478395462036, 0.6320774555206299, 0.007928740233182907, 0.8612788915634155, 0.9785094261169434, 0.17051155865192413, 0.8536825776100159
17620.9596492, 0.5466439723968506, 0.6785906553268433, 0.6960090398788452, 0.290313720703125, 0.13092347979545593, 0.3297431468963623, 0.25034746527671814, 0.4308973550796509
17620.9596702, 0.348890095949173, 0.623488187789917, 0.7072867751121521, 0.4762480854988098, 0.21810342371463776, 0.34460949897766113, 0.4996480941772461, 0.9412075877189636
17620.9756203, 0.5881955623626709, 0.22606723010540009, 0.9971401691436768, 0.8237282037734985, 0.9268006682395935, 0.52525794506073, 0.029952162876725197, 0.8875778317451477
17620.9916862, 0.6911395192146301, 0.4478709399700165, 0.34227558970451355, 0.1587534099817276, 0.31877824664115906, 0.8449423313140869, 0.10305488854646683, 0.35134372115135193
17620.991712, 0.12986238300800323, 0.48850762844085693, 0.7413219213485718, 0.2044660598039627, 0.4508000314235687, 0.09270448982715607, 0.0015917832497507334, 0.6240677237510681
17621.0077413, 0.4204404950141907, 0.3220159411430359, 0.34812143445014954, 0.35891327261924744, 0.04846327006816864, 0.6936662197113037, 0.06758809834718704, 0.31515949964523315
17621.0231417, 0.6909178495407104, 0.9488868117332458, 0.23552723228931427, 0.7749031782150269, 0.2073661834001541, 0.3162796199321747, 0.9950161576271057, 0.9990734457969666
17621.0231663, 0.15056897699832916, 0.6679571270942688, 0.4748893678188324, 0.594256579875946, 0.21189697086811066, 0.11882811039686203, 0.7802897095680237, 0.36730948090553284
17621.0381301, 0.13814523816108704, 0.0948098823428154, 0.6948911547660828, 0.31617316603660583, 0.16967837512493134, 0.2118781954050064, 0.2407444566488266, 0.9657778739929199
17621.0539792, 0.5113965272903442, 0.11820116639137268, 0.6703170537948608, 0.21692252159118652, 0.9100847244262695, 0.5332024097442627, 0.11338334530591965, 0.7783415913581848
17621.0540023, 0.10377296060323715, 0.13554838299751282, 0.8008298277854919, 0.8466132283210754, 0.7125949859619141, 0.6418700814247131, 0.509203314781189, 0.22711341083049774
17621.0698902, 0.39881566166877747, 0.41627639532089233, 0.4706704616546631, 0.16179920732975006, 0.067381352186203, 0.6677902340888977, 0.7492843270301819, 0.5900429487228394
17621.0699206, 0.9127578139305115, 0.6538547873497009, 0.5879319906234741, 0.39089956879615784, 0.9939752817153931, 0.8578805923461914, 0.20079709589481354, 0.36330345273017883
17621.0864282, 0.4476604461669922, 0.8121241927146912, 0.27122339606285095, 0.2417570948600769, 0.8845944404602051, 0.4053395986557007, 0.3355461061000824, 0.8219609260559082
17621.1009065, 0.8248133659362793, 0.4974365830421448, 0.8406885266304016, 0.5456141829490662, 0.15612941980361938, 0.1043461486697197, 0.3858259916305542, 0.6908360719680786
17621.1009248, 0.6647223234176636, 0.7967087626457214, 0.31056925654411316, 0.5199124217033386, 0.3936711847782135, 0.32661521434783936, 0.8046543598175049, 0.8634868860244751
17621.1160064, 0.21752957999706268, 0.4819515347480774, 0.5768011212348938, 0.5121142268180847, 0.4066516160964966, 0.7099873423576355, 0.4514961838722229, 0.6349024772644043
17621.1318955, 0.3371869623661041, 0.2964431941509247, 0.6246759295463562, 0.1264677196741104, 0.6783179640769958, 0.7058171629905701, 0.13881155848503113, 0.853419303894043
17621.1319168, 0.9866200089454651, 0.5784177780151367, 0.19940246641635895, 0.9983152151107788, 0.22386832535266876, 0.4632185399532318, 0.999221920967102, 0.5827022194862366
17621.1472247, 0.9399338960647583, 0.6432401537895203, 0.360643595457077, 0.523531973361969, 0.16346660256385803, 0.8869162797927856, 0.5578970909118652, 0.2578105628490448
17621.1632682, 0.1780511885881424, 0.6664342880249023, 0.855445146560669, 0.2757665812969208, 0.9674991965293884, 0.1628894805908203, 0.5346294045448303, 0.38507604598999023
17621.1633088, 0.17307890951633453, 0.04389946162700653, 0.3855336606502533, 0.587761402130127, 0.7425246834754944, 0.8297392129898071, 0.4794090688228607, 0.5612611770629883
17621.1782375, 0.45684099197387695, 0.4740281105041504, 0.678644061088562, 0.25061920285224915, 0.8897020816802979, 0.5340291261672974, 0.5319315791130066, 0.2767852544784546
17621.1941829, 0.4318358302116394, 0.05129391327500343, 0.18056800961494446, 0.5261037945747375, 0.255719393491745, 0.6801085472106934, 0.22059965133666992, 0.15302610397338867
17621.1942018, 0.7238494753837585, 0.8909438848495483, 0.8568150401115417, 0.8888348340988159, 0.6197259426116943, 0.4577008783817291, 0.2411695420742035, 0.9429529309272766
17621.2103665, 0.6173914670944214, 0.953406810760498, 0.5625637173652649, 0.3206644058227539, 0.7044129967689514, 0.44865480065345764, 0.14518284797668457, 0.4637259840965271
17621.2103997, 0.05806925520300865, 0.44798582792282104, 0.3929280638694763, 0.2171878069639206, 0.2749921381473541, 0.9352989792823792, 0.9003210663795471, 0.21293766796588898
17621.2263339, 0.40136298537254333, 0.023259442299604416, 0.870437502861023, 0.5788664817810059, 0.14782200753688812, 0.9160460829734802, 0.29470542073249817, 0.9624807238578796
17621.242235, 0.7083308100700378, 0.15715034306049347, 0.871157705783844, 0.21771623194217682, 0.8742933869361877, 0.12803833186626434, 0.6355707049369812, 0.44966527819633484
17621.2422646, 0.9584884643554688, 0.3403858244419098, 0.9000727534294128, 0.09642563760280609, 0.6628655195236206, 0.10075951367616653, 0.765932559967041, 0.2059105634689331
17621.2581589, 0.21434113383293152, 0.9415174722671509, 0.584927499294281, 0.22797563672065735, 0.606361985206604, 0.39616602659225464, 0.21983398497104645, 0.26691189408302307
17621.2744797, 0.5827484130859375, 0.5118468403816223, 0.2906838357448578, 0.5849277377128601, 0.3930676579475403, 0.20059017837047577, 0.4733245372772217, 0.7271497249603271
17621.2745212, 0.0643540620803833, 0.08429250121116638, 0.17945685982704163, 0.4533745050430298, 0.956782341003418, 0.556584358215332, 0.46144333481788635, 0.31978291273117065
17621.2902077, 0.06082244589924812, 0.0963304340839386, 0.6334892511367798, 0.38566693663597107, 0.9875689744949341, 0.16506321728229523, 0.5203897953033447, 0.3065268397331238
17621.2902316, 0.8974331021308899, 0.1842314749956131, 0.2796534299850464, 0.5332841873168945, 0.07194696366786957, 0.29525697231292725, 0.5620203614234924, 0.83669513463974
17621.3062328, 0.05556696653366089, 0.540543258190155, 0.5784456729888916, 0.20406225323677063, 0.9476771354675293, 0.02849719487130642, 0.48594528436660767, 0.4075498580932617
17621.3221233, 0.015986071899533272, 0.8634189367294312, 0.4630244970321655, 0.9281601309776306, 0.960095226764679, 0.673133373260498, 0.36527562141418457, 0.26586154103279114
17621.3221422, 0.11612019687891006, 0.8180805444717407, 0.10713057219982147, 0.11125995218753815, 0.8482416868209839, 0.08956027030944824, 0.6341925263404846, 0.03056812845170498
17621.3374656, 0.7566446661949158, 0.7465248703956604, 0.009006336331367493, 0.45544734597206116, 0.45670098066329956, 0.3285265862941742, 0.11940816789865494, 0.555472195148468
17621.3529304, 0.1571611613035202, 0.6641119718551636, 0.7426140308380127, 0.3371581435203552, 0.39905819296836853, 0.18422286212444305, 0.49329036474227905, 0.6242273449897766
17621.3529546, 0.8760955333709717, 0.49923175573349, 0.5102749466896057, 0.39019766449928284, 0.412647545337677, 0.8480775356292725, 0.4694494605064392, 0.3521801233291626
17621.3689347, 0.6500747799873352, 0.77997225522995, 0.9183521270751953, 0.3357786536216736, 0.5986403822898865, 0.9653664231300354, 0.36572280526161194, 0.2849171757698059
17621.3842417, 0.7904375791549683, 0.05006897449493408, 0.893787145614624, 0.932765543460846, 0.4944019019603729, 0.8275089263916016, 0.7968485355377197, 0.3030993640422821
17621.3842613, 0.8273506164550781, 0.9456897377967834, 0.43853041529655457, 0.3594573140144348, 0.1790911704301834, 0.8066730499267578, 0.9560072422027588, 0.6549540758132935
17621.4002067, 0.9554624557495117, 0.760613739490509, 0.48604917526245117, 0.5141116380691528, 0.032836515456438065, 0.17799420654773712, 0.24429987370967865, 0.8149659633636475
17621.4002291, 0.7715291976928711, 0.9844056963920593, 0.05510103330016136, 0.0329350084066391, 0.346386581659317, 0.26399460434913635, 0.7245687246322632, 0.7840898036956787
17621.4162, 0.2008257359266281, 0.17960956692695618, 0.7412217855453491, 0.4164637327194214, 0.5858096480369568, 0.5868107676506042, 0.6015917658805847, 0.8275227546691895
17621.4323873, 0.7233484387397766, 0.45657995343208313, 0.37366417050361633, 0.5999698638916016, 0.8760185837745667, 0.11311451345682144, 0.1429298222064972, 0.21576692163944244
17621.4324055, 0.1721642166376114, 0.2669760584831238, 0.24441972374916077, 0.2759942412376404, 0.09371984004974365, 0.32688474655151367, 0.7981156706809998, 0.6874937415122986
17621.4482436, 0.3323260545730591, 0.6619701981544495, 0.48071566224098206, 0.3690112829208374, 0.11757513880729675, 0.006070207804441452, 0.27331438660621643, 0.3408694565296173
17621.4642357, 0.14514876902103424, 0.5951456427574158, 0.2835370898246765, 0.5370534658432007, 0.1286887675523758, 0.30152714252471924, 0.6667608022689819, 0.8909615874290466
17621.4642544, 0.5547192692756653, 0.1868567168712616, 0.8258020877838135, 0.8527992367744446, 0.5708111524581909, 0.21783190965652466, 0.15366846323013306, 0.33790069818496704
17621.4802658, 0.0765838623046875, 0.3946894407272339, 0.6715689301490784, 0.9619593620300293, 0.9386937618255615, 0.48952731490135193, 0.2278977781534195, 0.8498530983924866
17621.4802911, 0.2631033957004547, 0.13766829669475555, 0.9403642416000366, 0.3054812550544739, 0.26944196224212646, 0.5267397165298462, 0.6487956643104553, 0.2376934438943863
17621.4956284, 0.055395983159542084, 0.1663283109664917, 0.4032469093799591, 0.8179720044136047, 0.3364447057247162, 0.1186724528670311, 0.7152859568595886, 0.5101659297943115
17621.511544, 0.057983048260211945, 0.7304110527038574, 0.951712965965271, 0.5020752549171448, 0.8138113021850586, 0.5616338849067688, 0.8778426647186279, 0.6658397316932678
17621.5115658, 0.2660136818885803, 0.5152372717857361, 0.4974929094314575, 0.7912077903747559, 0.9214931130409241, 0.08084938675165176, 0.4727379083633423, 0.6764622926712036
17621.527557, 0.43557316064834595, 0.5613674521446228, 0.8100633025169373, 0.16307781636714935, 0.02995588444173336, 0.762062668800354, 0.957632839679718, 0.4254426956176758
17621.543586, 0.41095855832099915, 0.144917830824852, 0.462453156709671, 0.1951752007007599, 0.9826270937919617, 0.03372518718242645, 0.48756512999534607, 0.5666925311088562
17621.5436083, 0.33702418208122253, 0.9137150645256042, 0.42179059982299805, 0.8712843060493469, 0.6155113577842712, 0.19062916934490204, 0.2199615240097046, 0.7677686810493469
17621.5595314, 0.18582595884799957, 0.061706360429525375, 0.03769144043326378, 0.8285237550735474, 0.25327709317207336, 0.05670851096510887, 0.7848345041275024, 0.9952070713043213
17621.5595565, 0.9954690337181091, 0.7778658270835876, 0.24119043350219727, 0.06728580594062805, 0.49243152141571045, 0.5588928461074829, 0.6054844856262207, 0.48181062936782837
17621.5745699, 0.42943108081817627, 0.008930862881243229, 0.5926322937011719, 0.5388478636741638, 0.6513556241989136, 0.43397796154022217, 0.8572531938552856, 0.06280268728733063
17621.5895596, 0.356319785118103, 0.16981352865695953, 0.8805701732635498, 0.8731611967086792, 0.22511664032936096, 0.5734444260597229, 0.2181188315153122, 0.25960448384284973
17621.5895945, 0.7052435874938965, 0.23389822244644165, 0.5437750816345215, 0.44666099548339844, 0.41923263669013977, 0.815049409866333, 0.47564762830734253, 0.7767158150672913
17621.6055428, 0.18564783036708832, 0.1540832370519638, 0.8433379530906677, 0.3968760669231415, 0.27355700731277466, 0.3166793882846832, 0.013864383101463318, 0.9177649021148682
17621.6216462, 0.6629119515419006, 0.7295798659324646, 0.5800713896751404, 0.25296446681022644, 0.693652331829071, 0.6772907376289368, 0.5202530026435852, 0.1813935935497284
17621.6216783, 0.19348201155662537, 0.5273274779319763, 0.5029498338699341, 0.1857147216796875, 0.3899594843387604, 0.018429214134812355, 0.689903974533081, 0.23638680577278137
17621.6375501, 0.2822742462158203, 0.9558460116386414, 0.41041260957717896, 0.28392457962036133, 0.025352323427796364, 0.7675474882125854, 0.0048491088673472404, 0.8981635570526123
17621.652595, 0.5111430287361145, 0.960253894329071, 0.611372172832489, 0.16814899444580078, 0.4950048625469208, 0.24582886695861816, 0.922322690486908, 0.8621246814727783
17621.6526163, 0.7052807807922363, 0.14109240472316742, 0.7852285504341125, 0.906849205493927, 0.27086979150772095, 0.5528579354286194, 0.19919925928115845, 0.37917542457580566
17621.6685297, 0.4601100981235504, 0.28174111247062683, 0.13047774136066437, 0.06488780677318573, 0.009090750478208065, 0.958884596824646, 0.302807092666626, 0.5319716334342957
17621.6846028, 0.16010065376758575, 0.04208965227007866, 0.08680809289216995, 0.6852061748504639, 0.40623530745506287, 0.2862566113471985, 0.6041858792304993, 0.16165542602539062
17621.6846306, 0.6571044325828552, 0.29218533635139465, 0.9598486423492432, 0.4660002887248993, 0.024502987042069435, 0.15999215841293335, 0.5253080129623413, 0.6430160999298096
17621.700575, 0.288154661655426, 0.9843305349349976, 0.2585855722427368, 0.6559132933616638, 0.03990670293569565, 0.6970547437667847, 0.28814733028411865, 0.03430186212062836
17621.7005983, 0.8587900400161743, 0.07790306210517883, 0.5660784244537354, 0.9527050256729126, 0.16390125453472137, 0.847650408744812, 0.6711295247077942, 0.37969744205474854
17621.7156823, 0.07562903314828873, 0.34605300426483154, 0.6474260091781616, 0.6102902889251709, 0.7423263788223267, 0.6376911401748657, 0.015821436420083046, 0.10329339653253555
17621.7317274, 0.6087638139724731, 0.6577749848365784, 0.28264039754867554, 0.7866598963737488, 0.7238097190856934, 0.9126697182655334, 0.2844802141189575, 0.7710872292518616
17621.7317505, 0.1872445046901703, 0.794269323348999, 0.4709950387477875, 0.8722308874130249, 0.543250560760498, 0.3370519280433655, 0.8706253170967102, 0.7280882596969604
17621.747717, 0.28694969415664673, 0.16996553540229797, 0.3291574716567993, 0.4551827311515808, 0.7500102519989014, 0.730097770690918, 0.5200148224830627, 0.6963581442832947
17621.7627114, 0.6222094893455505, 0.029514100402593613, 0.23268313705921173, 0.07631224393844604, 0.4645172953605652, 0.43513724207878113, 0.31298184394836426, 0.7761426568031311
17621.7627438, 0.7039979100227356, 0.7036844491958618, 0.6121440529823303, 0.25815442204475403, 0.10852651298046112, 0.7761470675468445, 0.3310695290565491, 0.5661196112632751
17621.7786755, 0.09810477495193481, 0.6082530617713928, 0.5434711575508118, 0.4779513478279114, 0.1825626939535141, 0.41318047046661377, 0.5618649125099182, 0.5673016905784607
17621.7951439, 0.569214403629303, 0.7044405341148376, 0.29996457695961, 0.9906517267227173, 0.017372876405715942, 0.4945189356803894, 0.5495923757553101, 0.6654435992240906
17621.7951708, 0.160012885928154, 0.7889886498451233, 0.45903143286705017, 0.007515106350183487, 0.8705633878707886, 0.4762641191482544, 0.25361546874046326, 0.623291552066803
17621.8107216, 0.5163561105728149, 0.5510819554328918, 0.13355426490306854, 0.8514168858528137, 0.3820194602012634, 0.21141397953033447, 0.9286906719207764, 0.46284475922584534
17621.8107462, 0.45651981234550476, 0.18844296038150787, 0.6153951287269592, 0.5726149678230286, 0.6339817047119141, 0.9815847277641296, 0.8100585341453552, 0.7344020009040833
17621.8267796, 0.26595553755760193, 0.7247819900512695, 0.6943781971931458, 0.5671547055244446, 0.17741766571998596, 0.13198120892047882, 0.9519153237342834, 0.8932202458381653
17621.8417037, 0.9423139095306396, 0.8216644525527954, 0.7744911909103394, 0.985085129737854, 0.8542771339416504, 0.5832877159118652, 0.22785748541355133, 0.5742548108100891
17621.8417232, 0.276472270488739, 0.4143523871898651, 0.9105350375175476, 0.1875803917646408, 0.41262489557266235, 0.11491358280181885, 0.16947071254253387, 0.478801429271698
17621.8576717, 0.011641677469015121, 0.6230654120445251, 0.606986939907074, 0.11711803078651428, 0.03789568319916725, 0.5001327395439148, 0.2356046438217163, 0.04099258780479431
17621.8737524, 0.05261925980448723, 0.8700951933860779, 0.04175012558698654, 0.4535166621208191, 0.3275480568408966, 0.2455822378396988, 0.5318747162818909, 0.09162191301584244
17621.8737761, 0.163290336728096, 0.042169734835624695, 0.5858741402626038, 0.6788483262062073, 0.0013177087530493736, 0.7345626950263977, 0.5734699964523315, 0.7901524901390076
17621.889663, 0.3893493115901947, 0.28471487760543823, 0.20874086022377014, 0.5079270005226135, 0.2866842448711395, 0.8728694915771484, 0.500286877155304, 0.8254875540733337
17621.8896852, 0.7716348171234131, 0.2883317470550537, 0.3440205156803131, 0.20498935878276825, 0.7372940182685852, 0.9925323724746704, 0.14587698876857758, 0.27631255984306335
17621.9057043, 0.3447865843772888, 0.35297173261642456, 0.44350582361221313, 0.5532711148262024, 0.14319352805614471, 0.4519301950931549, 0.17339842021465302, 0.4380863606929779
17621.9216954, 0.03776673600077629, 0.4443663954734802, 0.39702585339546204, 0.022028304636478424, 0.6255459785461426, 0.909797191619873, 0.6340578198432922, 0.8637657165527344
17621.9217286, 0.49553433060646057, 0.44128817319869995, 0.08466964960098267, 0.9382125735282898, 0.45560044050216675, 0.14402835071086884, 0.6611916422843933, 0.28733110427856445
17621.9376795, 0.6895843744277954, 0.6858330368995667, 0.47555527091026306, 0.7925797700881958, 0.01145066786557436, 0.01658026874065399, 0.8039752244949341, 0.1519906371831894
17621.9526509, 0.9712468385696411, 0.906999409198761, 0.2542005777359009, 0.07898392528295517, 0.5638998746871948, 0.4530654549598694, 0.5543817281723022, 0.48720017075538635
17621.9526673, 0.953843355178833, 0.6869560480117798, 0.38066983222961426, 0.31282350420951843, 0.11156381666660309, 0.06974688172340393, 0.6045714616775513, 0.9601608514785767
17621.9681808, 0.1212991401553154, 0.28153184056282043, 0.2508827745914459, 0.4813290238380432, 0.073830746114254, 0.6992868781089783, 0.31290391087532043, 0.2846698462963104
17621.9841943, 0.16752691566944122, 0.9884089827537537, 0.32141488790512085, 0.7306590676307678, 0.28960081934928894, 0.6214764714241028, 0.8437676429748535, 0.7139504551887512
17621.984217, 0.2647641897201538, 0.9997351169586182, 0.42189526557922363, 0.11590678244829178, 0.27948620915412903, 0.8707532286643982, 0.3673313856124878, 0.00978623703122139
17622.0002022, 0.9431742429733276, 0.5603908896446228, 0.5217257738113403, 0.7597082257270813, 0.6656336784362793, 0.384945809841156, 0.5478727221488953, 0.2888577878475189
17622.0002496, 0.609031081199646, 0.2555449306964874, 0.22403383255004883, 0.06973617523908615, 0.20319674909114838, 0.4678868055343628, 0.3026379644870758, 0.8466646075248718
17622.0151772, 0.584071934223175, 0.6939255595207214, 0.15505699813365936, 0.5962334871292114, 0.2848482131958008, 0.8163794279098511, 0.4381696879863739, 0.5449279546737671
17622.0316164, 0.08213292062282562, 0.5975431799888611, 0.061589475721120834, 0.10367550700902939, 0.4603663980960846, 0.2873976528644562, 0.4421762228012085, 0.6292136907577515
17622.0316498, 0.5171761512756348, 0.7651153206825256, 0.04358430206775665, 0.10911299288272858, 0.07028155028820038, 0.7364256381988525, 0.36557266116142273, 0.41485080122947693
17622.0461822, 0.08150338381528854, 0.17190666496753693, 0.9937084913253784, 0.23714154958724976, 0.7394108772277832, 0.7151607275009155, 0.0025208911392837763, 0.3908958435058594
17622.0621987, 0.974797248840332, 0.6724343299865723, 0.845350444316864, 0.2674035429954529, 0.7056066393852234, 0.24215461313724518, 0.0064095789566636086, 0.03603235259652138
17622.0622282, 0.6990257501602173, 0.44570687413215637, 0.4846535325050354, 0.6495716571807861, 0.3928099572658539, 0.4732915759086609, 0.6392806172370911, 0.3099839389324188
17622.0782145, 0.5363292098045349, 0.836007297039032, 0.8656044602394104, 0.5438481569290161, 0.057879380881786346, 0.9385002255439758, 0.716408371925354, 0.9984835982322693
17622.0938102, 0.3132498562335968, 0.6663971543312073, 0.6052110195159912, 0.5351609587669373, 0.8136386275291443, 0.7657129168510437, 0.44612279534339905, 0.8686119318008423
17622.0938332, 0.9526143670082092, 0.04449343681335449, 0.0727926567196846, 0.7397111058235168, 0.38383105397224426, 0.9800548553466797, 0.4743151068687439, 0.1213672012090683
17622.1098221, 0.21227514743804932, 0.6648876070976257, 0.8163322806358337, 0.07356113195419312, 0.4927973747253418, 0.21184022724628448, 0.8245055079460144, 0.47670701146125793
17622.1098551, 0.7762786149978638, 0.8847109079360962, 0.30324748158454895, 0.5452673435211182, 0.6051838397979736, 0.41404449939727783, 0.5523380637168884, 0.5668184161186218
17622.1248249, 0.6894844174385071, 0.2354797124862671, 0.4611095190048218, 0.0814673975110054, 0.2950848937034607, 0.5430683493614197, 0.8790609240531921, 0.5599632859230042
17622.1407387, 0.7526577115058899, 0.4991218149662018, 0.8357453346252441, 0.7439059615135193, 0.26994553208351135, 0.39077240228652954, 0.27220845222473145, 0.6154622435569763
17622.1407526, 0.6591057777404785, 0.18828609585762024, 0.9621193408966064, 0.07054752856492996, 0.6907694935798645, 0.8598256707191467, 0.5391431450843811, 0.4023159146308899
17622.1561575, 0.5336043834686279, 0.6475545167922974, 0.16823865473270416, 0.4634169340133667, 0.28112566471099854, 0.792232871055603, 0.09593317657709122, 0.12770603597164154
17622.1721368, 0.31592196226119995, 0.22094285488128662, 0.47418779134750366, 0.7407859563827515, 0.4584733843803406, 0.6118051409721375, 0.131727933883667, 0.6654094457626343
17622.1721583, 0.46302908658981323, 0.8418722152709961, 0.5100822448730469, 0.671256959438324, 0.5465259552001953, 0.5115827918052673, 0.15232163667678833, 0.7549346089363098
17622.1880477, 0.4795057475566864, 0.6258329749107361, 0.8147023916244507, 0.18937817215919495, 0.4444217383861542, 0.28620201349258423, 0.9637864828109741, 0.6287304162979126
17622.2043066, 0.36654743552207947, 0.35097840428352356, 0.408708781003952, 0.653268039226532, 0.5956773161888123, 0.5331494808197021, 0.1914907544851303, 0.5056769251823425
17622.2043355, 0.31355851888656616, 0.5119948983192444, 0.10689054429531097, 0.9594157934188843, 0.3298390805721283, 0.03236356005072594, 0.2852427363395691, 0.9055360555648804
17622.2201219, 0.2868291139602661, 0.23078489303588867, 0.6720666289329529, 0.5453231334686279, 0.5565755367279053, 0.39710989594459534, 0.7695384621620178, 0.48092159628868103
17622.2201599, 0.9930550456047058, 0.5144769549369812, 0.06361991167068481, 0.07851795852184296, 0.9048635959625244, 0.3604392409324646, 0.6541247963905334, 0.03310047835111618
17622.2360791, 0.08229590952396393, 0.8058943748474121, 0.05223679915070534, 0.7749015688896179, 0.2646920680999756, 0.7624179124832153, 0.6934787631034851, 0.29905301332473755
17622.2520767, 0.8340709209442139, 0.7475704550743103, 0.4454724192619324, 0.7252303957939148, 0.14001235365867615, 0.12940414249897003, 0.6093704700469971, 0.6784934997558594
17622.252112, 0.011032763868570328, 0.5854783654212952, 0.9167943596839905, 0.8903257250785828, 0.7091671228408813, 0.16954047977924347, 0.8639957308769226, 0.715748131275177
17622.2680846, 0.5805183053016663, 0.2273290753364563, 0.060029949992895126, 0.8868506550788879, 0.5160127282142639, 0.7101476192474365, 0.0994848981499672, 0.5274437069892883
17622.2840521, 0.9470058679580688, 0.9448255300521851, 0.6548996567726135, 0.146300807595253, 0.07765926420688629, 0.2911843955516815, 0.2552833557128906, 0.7475826740264893
